n,k,m,semilla,agente,limite,codigo_salida,estado,colocadas,ocupadas,mayor,tiempo,esfuerzo,esfuerzo_nombre,error
5,6,150,1,busqueda,10.0,0,victoria,150,6,153,9.001,463490,nodos_expandidos,
5,6,150,1,evolutivo,10.0,0,victoria,150,6,153,0.078,60,evaluaciones_aptitud,
5,6,150,2,busqueda,10.0,0,victoria,150,6,159,9.001,484917,nodos_expandidos,
5,6,150,2,evolutivo,10.0,0,victoria,150,6,159,0.037,30,evaluaciones_aptitud,
5,6,150,3,busqueda,10.0,0,victoria,150,6,156,9.001,458818,nodos_expandidos,
5,6,150,3,evolutivo,10.0,0,victoria,150,6,156,0.034,30,evaluaciones_aptitud,
8,20,400,1,busqueda,10.0,0,derrota,134,64,59,9.001,3382947,nodos_expandidos,
8,20,400,1,evolutivo,10.0,0,victoria,400,20,126,0.234,60,evaluaciones_aptitud,
8,20,400,2,busqueda,10.0,0,derrota,135,64,43,9.001,3377071,nodos_expandidos,
8,20,400,2,evolutivo,10.0,0,victoria,400,20,137,0.524,90,evaluaciones_aptitud,
8,20,400,3,busqueda,10.0,0,derrota,107,64,22,9.001,3181715,nodos_expandidos,
8,20,400,3,evolutivo,10.0,0,victoria,400,20,138,0.576,90,evaluaciones_aptitud,
4,12,150,1,busqueda,10.0,0,derrota,45,16,33,9.000,4296916,nodos_expandidos,
4,12,150,1,evolutivo,10.0,0,derrota,57,16,39,9.001,27827,evaluaciones_aptitud,
4,12,150,2,busqueda,10.0,0,derrota,57,16,46,9.000,4239479,nodos_expandidos,
4,12,150,2,evolutivo,10.0,0,derrota,54,16,49,9.001,28790,evaluaciones_aptitud,
4,12,150,3,busqueda,10.0,0,derrota,54,16,38,9.025,4276020,nodos_expandidos,
4,12,150,3,evolutivo,10.0,0,derrota,79,16,58,9.001,18175,evaluaciones_aptitud,
6,30,300,1,busqueda,10.0,0,derrota,50,36,24,9.000,4404121,nodos_expandidos,
6,30,300,1,evolutivo,10.0,0,derrota,95,36,37,9.002,6121,evaluaciones_aptitud,
6,30,300,2,busqueda,10.0,0,derrota,50,36,37,9.056,4279020,nodos_expandidos,
6,30,300,2,evolutivo,10.0,0,derrota,130,36,56,9.001,4782,evaluaciones_aptitud,
6,30,300,3,busqueda,10.0,0,derrota,44,36,16,9.000,3848259,nodos_expandidos,
6,30,300,3,evolutivo,10.0,0,derrota,102,36,44,9.001,5605,evaluaciones_aptitud,
8,55,500,1,busqueda,10.0,0,derrota,72,64,17,9.001,3459847,nodos_expandidos,
8,55,500,1,evolutivo,10.0,0,derrota,138,64,37,9.001,2313,evaluaciones_aptitud,
8,55,500,2,busqueda,10.0,0,derrota,77,64,31,9.001,3839344,nodos_expandidos,
8,55,500,2,evolutivo,10.0,0,derrota,166,64,34,9.001,1838,evaluaciones_aptitud,
8,55,500,3,busqueda,10.0,0,derrota,77,64,18,9.001,3766433,nodos_expandidos,
8,55,500,3,evolutivo,10.0,0,derrota,145,64,39,9.004,2183,evaluaciones_aptitud,
10,65,800,1,busqueda,10.0,0,derrota,109,100,19,9.002,2774968,nodos_expandidos,
10,65,800,1,evolutivo,10.0,0,derrota,463,100,83,9.004,606,evaluaciones_aptitud,
10,65,800,2,busqueda,10.0,0,derrota,120,100,23,9.002,2878436,nodos_expandidos,
10,65,800,2,evolutivo,10.0,0,derrota,436,100,68,9.007,590,evaluaciones_aptitud,
10,65,800,3,busqueda,10.0,0,derrota,115,100,25,9.003,3187756,nodos_expandidos,
10,65,800,3,evolutivo,10.0,0,derrota,463,100,71,9.008,573,evaluaciones_aptitud,
