agente,N,K,M,semilla,estado,colocadas,ocupadas,mayor,tiempo,esfuerzo,medida_esfuerzo,corte_por_tiempo,fraccion_colocada,extra,instancia,solucion,error
busqueda,4,4,200,1,victoria,200,4,275,1.269,17228,nodos_expandidos,no,1.0,completo=True,experimentos/instancias/gen_N4_K4_M200_s1.txt,experimentos/soluciones/gen_N4_K4_M200_s1_busqueda.txt,
evolutivo,4,4,200,1,victoria,200,4,275,0.113,30,evaluaciones_aptitud,no,1.0,generaciones=0; pesos=0.165 -0.423 -0.366 -0.149 0.711 0.262 -0.227 -0.107,experimentos/instancias/gen_N4_K4_M200_s1.txt,experimentos/soluciones/gen_N4_K4_M200_s1_evolutivo.txt,
busqueda,4,4,200,2,victoria,200,4,287,0.671,8760,nodos_expandidos,no,1.0,completo=True,experimentos/instancias/gen_N4_K4_M200_s2.txt,experimentos/soluciones/gen_N4_K4_M200_s2_busqueda.txt,
evolutivo,4,4,200,2,victoria,200,4,287,0.118,30,evaluaciones_aptitud,no,1.0,generaciones=0; pesos=0.759 -0.215 0.128 0.048 0.271 -0.455 -0.135 -0.244,experimentos/instancias/gen_N4_K4_M200_s2.txt,experimentos/soluciones/gen_N4_K4_M200_s2_evolutivo.txt,
busqueda,4,4,200,3,victoria,200,4,284,0.391,5365,nodos_expandidos,no,1.0,completo=True,experimentos/instancias/gen_N4_K4_M200_s3.txt,experimentos/soluciones/gen_N4_K4_M200_s3_busqueda.txt,
evolutivo,4,4,200,3,victoria,200,4,284,0.107,30,evaluaciones_aptitud,no,1.0,generaciones=0; pesos=0.488 -0.107 -0.276 -0.282 -0.460 -0.021 -0.366 0.498,experimentos/instancias/gen_N4_K4_M200_s3.txt,experimentos/soluciones/gen_N4_K4_M200_s3_evolutivo.txt,
busqueda,4,12,200,1,derrota,34,16,29,4.495,505788,nodos_expandidos,si,0.17,completo=False,experimentos/instancias/gen_N4_K12_M200_s1.txt,experimentos/soluciones/gen_N4_K12_M200_s1_busqueda.txt,
evolutivo,4,12,200,1,derrota,57,16,39,4.502,5013,evaluaciones_aptitud,si,0.285,generaciones=166; pesos=0.692 -0.025 0.104 0.389 -0.234 -0.140 0.345 0.406,experimentos/instancias/gen_N4_K12_M200_s1.txt,experimentos/soluciones/gen_N4_K12_M200_s1_evolutivo.txt,
busqueda,4,12,200,2,derrota,40,16,37,4.493,580326,nodos_expandidos,si,0.2,completo=False,experimentos/instancias/gen_N4_K12_M200_s2.txt,experimentos/soluciones/gen_N4_K12_M200_s2_busqueda.txt,
evolutivo,4,12,200,2,derrota,54,16,49,4.502,5095,evaluaciones_aptitud,si,0.27,generaciones=168; pesos=0.636 -0.186 0.081 -0.090 -0.138 0.523 0.095 0.494,experimentos/instancias/gen_N4_K12_M200_s2.txt,experimentos/soluciones/gen_N4_K12_M200_s2_evolutivo.txt,
busqueda,4,12,200,3,derrota,46,16,32,4.492,571100,nodos_expandidos,si,0.23,completo=False,experimentos/instancias/gen_N4_K12_M200_s3.txt,experimentos/soluciones/gen_N4_K12_M200_s3_busqueda.txt,
evolutivo,4,12,200,3,derrota,79,16,58,4.502,3321,evaluaciones_aptitud,si,0.395,generaciones=109; pesos=0.674 -0.241 -0.393 -0.150 -0.087 0.401 0.203 0.318,experimentos/instancias/gen_N4_K12_M200_s3.txt,experimentos/soluciones/gen_N4_K12_M200_s3_evolutivo.txt,
busqueda,4,24,200,1,derrota,19,16,16,4.505,675172,nodos_expandidos,si,0.095,completo=False,experimentos/instancias/gen_N4_K24_M200_s1.txt,experimentos/soluciones/gen_N4_K24_M200_s1_busqueda.txt,
evolutivo,4,24,200,1,derrota,20,16,16,4.501,9162,evaluaciones_aptitud,si,0.1,generaciones=304; pesos=0.687 -0.032 0.226 0.215 -0.097 -0.538 0.334 -0.141,experimentos/instancias/gen_N4_K24_M200_s1.txt,experimentos/soluciones/gen_N4_K24_M200_s1_evolutivo.txt,
busqueda,4,24,200,2,derrota,19,16,15,4.499,631166,nodos_expandidos,si,0.095,completo=False,experimentos/instancias/gen_N4_K24_M200_s2.txt,experimentos/soluciones/gen_N4_K24_M200_s2_busqueda.txt,
evolutivo,4,24,200,2,derrota,19,16,15,4.501,9733,evaluaciones_aptitud,si,0.095,generaciones=323; pesos=0.214 -0.605 0.206 0.004 -0.633 -0.138 0.098 0.340,experimentos/instancias/gen_N4_K24_M200_s2.txt,experimentos/soluciones/gen_N4_K24_M200_s2_evolutivo.txt,
busqueda,4,24,200,3,derrota,21,16,16,4.504,696071,nodos_expandidos,si,0.105,completo=False,experimentos/instancias/gen_N4_K24_M200_s3.txt,experimentos/soluciones/gen_N4_K24_M200_s3_busqueda.txt,
evolutivo,4,24,200,3,derrota,23,16,16,4.502,7478,evaluaciones_aptitud,si,0.115,generaciones=248; pesos=0.607 -0.174 -0.154 -0.426 -0.583 0.142 0.145 -0.120,experimentos/instancias/gen_N4_K24_M200_s3.txt,experimentos/soluciones/gen_N4_K24_M200_s3_evolutivo.txt,
busqueda,5,4,200,1,victoria,200,4,275,4.505,48245,nodos_expandidos,si,1.0,completo=False,experimentos/instancias/gen_N5_K4_M200_s1.txt,experimentos/soluciones/gen_N5_K4_M200_s1_busqueda.txt,
evolutivo,5,4,200,1,victoria,200,4,275,0.399,60,evaluaciones_aptitud,no,1.0,generaciones=1; pesos=0.759 -0.031 0.367 0.326 -0.154 0.054 0.317 -0.234,experimentos/instancias/gen_N5_K4_M200_s1.txt,experimentos/soluciones/gen_N5_K4_M200_s1_evolutivo.txt,
busqueda,5,4,200,2,victoria,200,4,287,3.093,34831,nodos_expandidos,no,1.0,completo=True,experimentos/instancias/gen_N5_K4_M200_s2.txt,experimentos/soluciones/gen_N5_K4_M200_s2_busqueda.txt,
evolutivo,5,4,200,2,victoria,200,4,287,0.144,30,evaluaciones_aptitud,no,1.0,generaciones=0; pesos=0.759 -0.215 0.128 0.048 0.271 -0.455 -0.135 -0.244,experimentos/instancias/gen_N5_K4_M200_s2.txt,experimentos/soluciones/gen_N5_K4_M200_s2_evolutivo.txt,
busqueda,5,4,200,3,victoria,200,4,284,1.786,20886,nodos_expandidos,no,1.0,completo=True,experimentos/instancias/gen_N5_K4_M200_s3.txt,experimentos/soluciones/gen_N5_K4_M200_s3_busqueda.txt,
evolutivo,5,4,200,3,victoria,200,4,284,0.142,30,evaluaciones_aptitud,no,1.0,generaciones=0; pesos=0.488 -0.107 -0.276 -0.282 -0.460 -0.021 -0.366 0.498,experimentos/instancias/gen_N5_K4_M200_s3.txt,experimentos/soluciones/gen_N5_K4_M200_s3_evolutivo.txt,
busqueda,5,12,200,1,derrota,135,25,84,4.497,563360,nodos_expandidos,si,0.675,completo=False,experimentos/instancias/gen_N5_K12_M200_s1.txt,experimentos/soluciones/gen_N5_K12_M200_s1_busqueda.txt,
evolutivo,5,12,200,1,victoria,200,12,114,0.333,120,evaluaciones_aptitud,no,1.0,generaciones=3; pesos=0.639 -0.244 -0.211 -0.075 -0.373 0.236 -0.160 0.511,experimentos/instancias/gen_N5_K12_M200_s1.txt,experimentos/soluciones/gen_N5_K12_M200_s1_evolutivo.txt,
busqueda,5,12,200,2,derrota,145,25,94,4.498,565023,nodos_expandidos,si,0.725,completo=False,experimentos/instancias/gen_N5_K12_M200_s2.txt,experimentos/soluciones/gen_N5_K12_M200_s2_busqueda.txt,
evolutivo,5,12,200,2,victoria,200,12,117,0.376,150,evaluaciones_aptitud,no,1.0,generaciones=4; pesos=0.520 -0.070 -0.142 0.031 -0.629 -0.347 0.039 0.431,experimentos/instancias/gen_N5_K12_M200_s2.txt,experimentos/soluciones/gen_N5_K12_M200_s2_evolutivo.txt,
busqueda,5,12,200,3,victoria,200,15,122,4.498,382908,nodos_expandidos,si,1.0,completo=False,experimentos/instancias/gen_N5_K12_M200_s3.txt,experimentos/soluciones/gen_N5_K12_M200_s3_busqueda.txt,
evolutivo,5,12,200,3,victoria,200,12,122,0.451,120,evaluaciones_aptitud,no,1.0,generaciones=3; pesos=0.734 -0.225 -0.234 -0.212 -0.534 0.137 0.017 0.077,experimentos/instancias/gen_N5_K12_M200_s3.txt,experimentos/soluciones/gen_N5_K12_M200_s3_evolutivo.txt,
busqueda,5,24,200,1,derrota,37,25,16,4.494,614890,nodos_expandidos,si,0.185,completo=False,experimentos/instancias/gen_N5_K24_M200_s1.txt,experimentos/soluciones/gen_N5_K24_M200_s1_busqueda.txt,
evolutivo,5,24,200,1,derrota,48,25,21,4.502,3286,evaluaciones_aptitud,si,0.24,generaciones=108; pesos=0.623 -0.450 0.044 0.155 -0.363 -0.251 0.163 0.402,experimentos/instancias/gen_N5_K24_M200_s1.txt,experimentos/soluciones/gen_N5_K24_M200_s1_evolutivo.txt,
busqueda,5,24,200,2,derrota,37,25,27,4.496,616782,nodos_expandidos,si,0.185,completo=False,experimentos/instancias/gen_N5_K24_M200_s2.txt,experimentos/soluciones/gen_N5_K24_M200_s2_busqueda.txt,
evolutivo,5,24,200,2,derrota,50,25,34,4.502,3208,evaluaciones_aptitud,si,0.25,generaciones=105; pesos=0.798 -0.277 0.148 -0.038 -0.128 0.000 -0.147 0.474,experimentos/instancias/gen_N5_K24_M200_s2.txt,experimentos/soluciones/gen_N5_K24_M200_s2_evolutivo.txt,
busqueda,5,24,200,3,derrota,31,25,14,4.503,529769,nodos_expandidos,si,0.155,completo=False,experimentos/instancias/gen_N5_K24_M200_s3.txt,experimentos/soluciones/gen_N5_K24_M200_s3_busqueda.txt,
evolutivo,5,24,200,3,derrota,60,25,27,4.503,2449,evaluaciones_aptitud,si,0.3,generaciones=80; pesos=0.840 -0.340 0.007 -0.067 -0.103 0.022 -0.016 0.403,experimentos/instancias/gen_N5_K24_M200_s3.txt,experimentos/soluciones/gen_N5_K24_M200_s3_evolutivo.txt,
busqueda,6,4,200,1,victoria,200,4,275,4.504,32887,nodos_expandidos,si,1.0,completo=False,experimentos/instancias/gen_N6_K4_M200_s1.txt,experimentos/soluciones/gen_N6_K4_M200_s1_busqueda.txt,
evolutivo,6,4,200,1,victoria,200,4,275,0.238,30,evaluaciones_aptitud,no,1.0,generaciones=0; pesos=0.165 -0.423 -0.366 -0.149 0.711 0.262 -0.227 -0.107,experimentos/instancias/gen_N6_K4_M200_s1.txt,experimentos/soluciones/gen_N6_K4_M200_s1_evolutivo.txt,
busqueda,6,4,200,2,victoria,200,4,287,4.493,35790,nodos_expandidos,si,1.0,completo=False,experimentos/instancias/gen_N6_K4_M200_s2.txt,experimentos/soluciones/gen_N6_K4_M200_s2_busqueda.txt,
evolutivo,6,4,200,2,victoria,200,4,287,0.219,30,evaluaciones_aptitud,no,1.0,generaciones=0; pesos=0.759 -0.215 0.128 0.048 0.271 -0.455 -0.135 -0.244,experimentos/instancias/gen_N6_K4_M200_s2.txt,experimentos/soluciones/gen_N6_K4_M200_s2_evolutivo.txt,
busqueda,6,4,200,3,victoria,200,4,284,4.504,35294,nodos_expandidos,si,1.0,completo=False,experimentos/instancias/gen_N6_K4_M200_s3.txt,experimentos/soluciones/gen_N6_K4_M200_s3_busqueda.txt,
evolutivo,6,4,200,3,victoria,200,4,284,0.26,30,evaluaciones_aptitud,no,1.0,generaciones=0; pesos=0.488 -0.107 -0.276 -0.282 -0.460 -0.021 -0.366 0.498,experimentos/instancias/gen_N6_K4_M200_s3.txt,experimentos/soluciones/gen_N6_K4_M200_s3_evolutivo.txt,
busqueda,6,12,200,1,victoria,200,20,114,4.503,242136,nodos_expandidos,si,1.0,completo=False,experimentos/instancias/gen_N6_K12_M200_s1.txt,experimentos/soluciones/gen_N6_K12_M200_s1_busqueda.txt,
evolutivo,6,12,200,1,victoria,200,12,114,0.534,90,evaluaciones_aptitud,no,1.0,generaciones=2; pesos=0.975 -0.006 0.070 0.045 -0.029 -0.135 0.104 0.112,experimentos/instancias/gen_N6_K12_M200_s1.txt,experimentos/soluciones/gen_N6_K12_M200_s1_evolutivo.txt,
busqueda,6,12,200,2,victoria,200,30,76,4.501,488686,nodos_expandidos,si,1.0,completo=False,experimentos/instancias/gen_N6_K12_M200_s2.txt,experimentos/soluciones/gen_N6_K12_M200_s2_busqueda.txt,
evolutivo,6,12,200,2,victoria,200,12,117,0.263,60,evaluaciones_aptitud,no,1.0,generaciones=1; pesos=0.690 -0.092 -0.192 -0.243 -0.383 -0.318 -0.322 0.261,experimentos/instancias/gen_N6_K12_M200_s2.txt,experimentos/soluciones/gen_N6_K12_M200_s2_evolutivo.txt,
busqueda,6,12,200,3,victoria,200,23,122,4.494,463142,nodos_expandidos,si,1.0,completo=False,experimentos/instancias/gen_N6_K12_M200_s3.txt,experimentos/soluciones/gen_N6_K12_M200_s3_busqueda.txt,
evolutivo,6,12,200,3,victoria,200,12,122,0.299,60,evaluaciones_aptitud,no,1.0,generaciones=1; pesos=0.885 -0.442 -0.000 0.076 0.032 -0.034 -0.116 -0.009,experimentos/instancias/gen_N6_K12_M200_s3.txt,experimentos/soluciones/gen_N6_K12_M200_s3_evolutivo.txt,
busqueda,6,24,200,1,derrota,51,36,17,4.498,537972,nodos_expandidos,si,0.255,completo=False,experimentos/instancias/gen_N6_K24_M200_s1.txt,experimentos/soluciones/gen_N6_K24_M200_s1_busqueda.txt,
evolutivo,6,24,200,1,derrota,180,36,60,4.505,839,evaluaciones_aptitud,si,0.9,generaciones=26; pesos=0.913 -0.305 0.056 -0.150 -0.149 0.142 0.030 0.073,experimentos/instancias/gen_N6_K24_M200_s1.txt,experimentos/soluciones/gen_N6_K24_M200_s1_evolutivo.txt,
busqueda,6,24,200,2,derrota,51,36,24,4.494,520227,nodos_expandidos,si,0.255,completo=False,experimentos/instancias/gen_N6_K24_M200_s2.txt,experimentos/soluciones/gen_N6_K24_M200_s2_busqueda.txt,
evolutivo,6,24,200,2,derrota,191,36,71,4.505,779,evaluaciones_aptitud,si,0.955,generaciones=24; pesos=0.926 -0.218 -0.147 -0.241 -0.060 0.109 -0.007 0.001,experimentos/instancias/gen_N6_K24_M200_s2.txt,experimentos/soluciones/gen_N6_K24_M200_s2_evolutivo.txt,
busqueda,6,24,200,3,derrota,57,36,21,4.502,543729,nodos_expandidos,si,0.285,completo=False,experimentos/instancias/gen_N6_K24_M200_s3.txt,experimentos/soluciones/gen_N6_K24_M200_s3_busqueda.txt,
evolutivo,6,24,200,3,derrota,167,36,68,4.505,814,evaluaciones_aptitud,si,0.835,generaciones=26; pesos=0.636 -0.442 -0.211 -0.336 -0.262 -0.032 -0.259 0.326,experimentos/instancias/gen_N6_K24_M200_s3.txt,experimentos/soluciones/gen_N6_K24_M200_s3_evolutivo.txt,
